Fitur,GLCM_Contrast,GLCM_Homogeneity,GLCM_Energy,GLCM_Correlation,HSV_H_Mean,HSV_S_Mean,HSV_V_Mean
"[65.35130434782609, 0.30942772609591646, 0.026324008237131127, 0.9907426502475761, 53.948455555555554, 57.15121111111111, 187.0778777777778]",65.35130434782609,0.30942772609591646,0.026324008237131127,0.9907426502475761,53.948455555555554,57.15121111111111,187.0778777777778
